Week,DollarsPerGallon
1/15/2024,3.058
1/8/2024,3.073
1/1/2024,3.089
12/25/2023,3.116
12/18/2023,3.053
12/11/2023,3.136
12/4/2023,3.231
11/27/2023,3.238
11/20/2023,3.289
11/13/2023,3.349
11/6/2023,3.396
10/30/2023,3.473
10/23/2023,3.533
10/16/2023,3.576
10/9/2023,3.684
10/2/2023,3.798
9/25/2023,3.837
9/18/2023,3.878
9/11/2023,3.822
9/4/2023,3.807
8/28/2023,3.813
8/21/2023,3.868
8/14/2023,3.85
8/7/2023,3.828
7/31/2023,3.757
7/24/2023,3.596
7/17/2023,3.559
7/10/2023,3.546
7/3/2023,3.527
6/26/2023,3.571
6/19/2023,3.577
6/12/2023,3.595
6/5/2023,3.541
5/29/2023,3.571
5/22/2023,3.534
5/15/2023,3.536
5/8/2023,3.533
5/1/2023,3.6
4/24/2023,3.656
4/17/2023,3.663
4/10/2023,3.596
4/3/2023,3.497
3/27/2023,3.421
3/20/2023,3.422
3/13/2023,3.456
3/6/2023,3.389
2/27/2023,3.342
2/20/2023,3.379
2/13/2023,3.39
2/6/2023,3.444
1/30/2023,3.489
1/23/2023,3.415
1/16/2023,3.31
1/9/2023,3.259
1/2/2023,3.223
12/26/2022,3.091
12/19/2022,3.12
12/12/2022,3.239
12/5/2022,3.39
11/28/2022,3.534
11/21/2022,3.648
11/14/2022,3.762
11/7/2022,3.796
10/31/2022,3.742
10/24/2022,3.769
10/17/2022,3.871
10/10/2022,3.912
10/3/2022,3.782
9/26/2022,3.711
9/19/2022,3.654
9/12/2022,3.69
9/5/2022,3.746
8/29/2022,3.827
8/22/2022,3.88
8/15/2022,3.938
8/8/2022,4.038
8/1/2022,4.192
7/25/2022,4.33
7/18/2022,4.49
7/11/2022,4.646
7/4/2022,4.771
6/27/2022,4.872
6/20/2022,4.962
6/13/2022,5.006
6/6/2022,4.876
5/30/2022,4.624
5/23/2022,4.593
5/16/2022,4.491
5/9/2022,4.328
5/2/2022,4.182
4/25/2022,4.107
4/18/2022,4.066
4/11/2022,4.091
4/4/2022,4.17
3/28/2022,4.231
3/21/2022,4.239
3/14/2022,4.315
3/7/2022,4.102
2/28/2022,3.608
2/21/2022,3.53
2/14/2022,3.487
2/7/2022,3.444
1/31/2022,3.368
1/24/2022,3.323
1/17/2022,3.306
1/10/2022,3.295
1/3/2022,3.281
12/27/2021,3.275
12/20/2021,3.295
12/13/2021,3.315
12/6/2021,3.341
11/29/2021,3.38
11/22/2021,3.395
11/15/2021,3.399
11/8/2021,3.41
11/1/2021,3.39
10/25/2021,3.383
10/18/2021,3.322
10/11/2021,3.267
10/4/2021,3.19
9/27/2021,3.175
9/20/2021,3.184
9/13/2021,3.165
9/6/2021,3.176
8/30/2021,3.139
8/23/2021,3.145
8/16/2021,3.174
8/9/2021,3.172
8/2/2021,3.159
7/26/2021,3.136
7/19/2021,3.153
7/12/2021,3.133
7/5/2021,3.122
6/28/2021,3.091
6/21/2021,3.06
6/14/2021,3.069
6/7/2021,3.035
5/31/2021,3.027
5/24/2021,3.02
5/17/2021,3.028
5/10/2021,2.961
5/3/2021,2.89
4/26/2021,2.872
4/19/2021,2.855
4/12/2021,2.849
4/5/2021,2.857
3/29/2021,2.852
3/22/2021,2.865
3/15/2021,2.853
3/8/2021,2.771
3/1/2021,2.711
2/22/2021,2.633
2/15/2021,2.501
2/8/2021,2.461
2/1/2021,2.409
1/25/2021,2.392
1/18/2021,2.379
1/11/2021,2.317
1/4/2021,2.249
12/28/2020,2.243
12/21/2020,2.224
12/14/2020,2.158
12/7/2020,2.156
11/30/2020,2.12
11/23/2020,2.102
11/16/2020,2.111
11/9/2020,2.096
11/2/2020,2.112
10/26/2020,2.143
10/19/2020,2.15
10/12/2020,2.167
10/5/2020,2.172
9/28/2020,2.169
9/21/2020,2.168
9/14/2020,2.183
9/7/2020,2.211
8/31/2020,2.222
8/24/2020,2.182
8/17/2020,2.166
8/10/2020,2.166
8/3/2020,2.176
7/27/2020,2.175
7/20/2020,2.186
7/13/2020,2.195
7/6/2020,2.177
6/29/2020,2.174
6/22/2020,2.129
6/15/2020,2.098
6/8/2020,2.036
6/1/2020,1.974
5/25/2020,1.96
5/18/2020,1.878
5/11/2020,1.851
5/4/2020,1.789
4/27/2020,1.773
4/20/2020,1.812
4/13/2020,1.853
4/6/2020,1.924
3/30/2020,2.005
3/23/2020,2.12
3/16/2020,2.248
3/9/2020,2.375
3/2/2020,2.423
2/24/2020,2.466
2/17/2020,2.428
2/10/2020,2.419
2/3/2020,2.455
1/27/2020,2.506
1/20/2020,2.537
1/13/2020,2.57
1/6/2020,2.578
12/30/2019,2.571
12/23/2019,2.532
12/16/2019,2.536
12/9/2019,2.561
12/2/2019,2.575
11/25/2019,2.579
11/18/2019,2.592
11/11/2019,2.615
11/4/2019,2.605
10/28/2019,2.596
10/21/2019,2.638
10/14/2019,2.629
10/7/2019,2.645
9/30/2019,2.642
9/23/2019,2.654
9/16/2019,2.552
9/9/2019,2.55
9/2/2019,2.563
8/26/2019,2.574
8/19/2019,2.598
8/12/2019,2.624
8/5/2019,2.688
7/29/2019,2.715
7/22/2019,2.75
7/15/2019,2.779
7/8/2019,2.743
7/1/2019,2.713
6/24/2019,2.654
6/17/2019,2.67
6/10/2019,2.732
6/3/2019,2.807
5/27/2019,2.822
5/20/2019,2.852
5/13/2019,2.866
5/6/2019,2.897
4/29/2019,2.887
4/22/2019,2.841
4/15/2019,2.828
4/8/2019,2.745
4/1/2019,2.691
3/25/2019,2.623
3/18/2019,2.548
3/11/2019,2.471
3/4/2019,2.422
2/25/2019,2.39
2/18/2019,2.317
2/11/2019,2.276
2/4/2019,2.254
1/28/2019,2.256
1/21/2019,2.251
1/14/2019,2.247
1/7/2019,2.237
12/31/2018,2.266
12/24/2018,2.321
12/17/2018,2.369
12/10/2018,2.421
12/3/2018,2.451
11/26/2018,2.539
11/19/2018,2.611
11/12/2018,2.686
11/5/2018,2.753
10/29/2018,2.811
10/22/2018,2.841
10/15/2018,2.879
10/8/2018,2.903
10/1/2018,2.866
9/24/2018,2.844
9/17/2018,2.841
9/10/2018,2.833
9/3/2018,2.824
8/27/2018,2.827
8/20/2018,2.821
8/13/2018,2.843
8/6/2018,2.852
7/30/2018,2.846
7/23/2018,2.831
7/16/2018,2.865
7/9/2018,2.857
7/2/2018,2.844
6/25/2018,2.833
6/18/2018,2.879
6/11/2018,2.911
6/4/2018,2.94
5/28/2018,2.962
5/21/2018,2.923
5/14/2018,2.873
5/7/2018,2.845
4/30/2018,2.846
4/23/2018,2.798
4/16/2018,2.747
4/9/2018,2.694
4/2/2018,2.7
3/26/2018,2.648
3/19/2018,2.598
3/12/2018,2.559
3/5/2018,2.56
2/26/2018,2.548
2/19/2018,2.557
2/12/2018,2.607
2/5/2018,2.637
1/29/2018,2.607
1/22/2018,2.567
1/15/2018,2.557
1/8/2018,2.522
1/1/2018,2.52
12/25/2017,2.472
12/18/2017,2.45
12/11/2017,2.485
12/4/2017,2.5
11/27/2017,2.533
11/20/2017,2.568
11/13/2017,2.592
11/6/2017,2.561
10/30/2017,2.488
10/23/2017,2.479
10/16/2017,2.489
10/9/2017,2.504
10/2/2017,2.565
9/25/2017,2.583
9/18/2017,2.634
9/11/2017,2.685
9/4/2017,2.679
8/28/2017,2.399
8/21/2017,2.36
8/14/2017,2.384
8/7/2017,2.378
7/31/2017,2.352
7/24/2017,2.312
7/17/2017,2.278
7/10/2017,2.297
7/3/2017,2.26
6/26/2017,2.288
6/19/2017,2.318
6/12/2017,2.366
6/5/2017,2.414
5/29/2017,2.406
5/22/2017,2.399
5/15/2017,2.369
5/8/2017,2.372
5/1/2017,2.411
4/24/2017,2.449
4/17/2017,2.436
4/10/2017,2.424
4/3/2017,2.36
3/27/2017,2.315
3/20/2017,2.321
3/13/2017,2.323
3/6/2017,2.341
2/27/2017,2.314
2/20/2017,2.302
2/13/2017,2.307
2/6/2017,2.293
1/30/2017,2.296
1/23/2017,2.326
1/16/2017,2.358
1/9/2017,2.388
1/2/2017,2.377
12/26/2016,2.309
12/19/2016,2.264
12/12/2016,2.236
12/5/2016,2.208
11/28/2016,2.154
11/21/2016,2.155
11/14/2016,2.184
11/7/2016,2.233
10/31/2016,2.23
10/24/2016,2.243
10/17/2016,2.257
10/10/2016,2.272
10/3/2016,2.245
9/26/2016,2.224
9/19/2016,2.225
9/12/2016,2.202
9/5/2016,2.223
8/29/2016,2.237
8/22/2016,2.193
8/15/2016,2.149
8/8/2016,2.15
8/1/2016,2.159
7/25/2016,2.182
7/18/2016,2.23
7/11/2016,2.253
7/4/2016,2.291
6/27/2016,2.329
6/20/2016,2.353
6/13/2016,2.399
6/6/2016,2.381
5/30/2016,2.339
5/23/2016,2.3
5/16/2016,2.242
5/9/2016,2.22
5/2/2016,2.24
4/25/2016,2.162
4/18/2016,2.137
4/11/2016,2.069
4/4/2016,2.083
3/28/2016,2.066
3/21/2016,2.007
3/14/2016,1.961
3/7/2016,1.841
2/29/2016,1.783
2/22/2016,1.73
2/15/2016,1.724
2/8/2016,1.759
2/1/2016,1.822
1/25/2016,1.856
1/18/2016,1.914
1/11/2016,1.996
1/4/2016,2.028
12/28/2015,2.034
12/21/2015,2.026
12/14/2015,2.037
12/7/2015,2.053
11/30/2015,2.059
11/23/2015,2.094
11/16/2015,2.178
11/9/2015,2.235
11/2/2015,2.224
10/26/2015,2.228
10/19/2015,2.277
10/12/2015,2.337
10/5/2015,2.318
9/28/2015,2.322
9/21/2015,2.327
9/14/2015,2.375
9/7/2015,2.437
8/31/2015,2.51
8/24/2015,2.637
8/17/2015,2.716
8/10/2015,2.629
8/3/2015,2.689
7/27/2015,2.745
7/20/2015,2.802
7/13/2015,2.834
7/6/2015,2.793
6/29/2015,2.801
6/22/2015,2.812
6/15/2015,2.835
6/8/2015,2.78
6/1/2015,2.78
5/25/2015,2.774
5/18/2015,2.744
5/11/2015,2.691
5/4/2015,2.664
4/27/2015,2.57
4/20/2015,2.485
4/13/2015,2.408
4/6/2015,2.413
3/30/2015,2.448
3/23/2015,2.457
3/16/2015,2.453
3/9/2015,2.487
3/2/2015,2.473
2/23/2015,2.332
2/16/2015,2.274
2/9/2015,2.191
2/2/2015,2.068
1/26/2015,2.044
1/19/2015,2.066
1/12/2015,2.139
1/5/2015,2.214
12/29/2014,2.299
12/22/2014,2.403
12/15/2014,2.554
12/8/2014,2.679
12/1/2014,2.778
11/24/2014,2.821
11/17/2014,2.894
11/10/2014,2.941
11/3/2014,2.993
10/27/2014,3.056
10/20/2014,3.12
10/13/2014,3.207
10/6/2014,3.299
9/29/2014,3.354
9/22/2014,3.353
9/15/2014,3.408
9/8/2014,3.457
9/1/2014,3.459
8/25/2014,3.454
8/18/2014,3.472
8/11/2014,3.505
8/4/2014,3.515
7/28/2014,3.539
7/21/2014,3.593
7/14/2014,3.635
7/7/2014,3.678
6/30/2014,3.704
6/23/2014,3.704
6/16/2014,3.686
6/9/2014,3.674
6/2/2014,3.69
5/26/2014,3.674
5/19/2014,3.665
5/12/2014,3.668
5/5/2014,3.684
4/28/2014,3.713
4/21/2014,3.683
4/14/2014,3.651
4/7/2014,3.596
3/31/2014,3.579
3/24/2014,3.549
3/17/2014,3.547
3/10/2014,3.512
3/3/2014,3.479
2/24/2014,3.444
2/17/2014,3.38
2/10/2014,3.309
2/3/2014,3.292
1/27/2014,3.295
1/20/2014,3.296
1/13/2014,3.327
1/6/2014,3.332
12/30/2013,3.331
12/23/2013,3.271
12/16/2013,3.239
12/9/2013,3.269
12/2/2013,3.272
11/25/2013,3.293
11/18/2013,3.219
11/11/2013,3.194
11/4/2013,3.265
10/28/2013,3.294
10/21/2013,3.36
10/14/2013,3.354
10/7/2013,3.367
9/30/2013,3.425
9/23/2013,3.495
9/16/2013,3.547
9/9/2013,3.587
9/2/2013,3.608
8/26/2013,3.552
8/19/2013,3.55
8/12/2013,3.561
8/5/2013,3.632
7/29/2013,3.646
7/22/2013,3.682
7/15/2013,3.639
7/8/2013,3.492
7/1/2013,3.496
6/24/2013,3.577
6/17/2013,3.626
6/10/2013,3.655
6/3/2013,3.646
5/27/2013,3.645
5/20/2013,3.673
5/13/2013,3.603
5/6/2013,3.538
4/29/2013,3.52
4/22/2013,3.536
4/15/2013,3.542
4/8/2013,3.608
4/1/2013,3.645
3/25/2013,3.68
3/18/2013,3.696
3/11/2013,3.71
3/4/2013,3.759
2/25/2013,3.784
2/18/2013,3.747
2/11/2013,3.611
2/4/2013,3.538
1/28/2013,3.357
1/21/2013,3.315
1/14/2013,3.303
1/7/2013,3.299
12/31/2012,3.298
12/24/2012,3.257
12/17/2012,3.254
12/10/2012,3.349
12/3/2012,3.394
11/26/2012,3.437
11/19/2012,3.429
11/12/2012,3.449
11/5/2012,3.492
10/29/2012,3.568
10/22/2012,3.687
10/15/2012,3.819
10/8/2012,3.85
10/1/2012,3.804
9/24/2012,3.826
9/17/2012,3.878
9/10/2012,3.847
9/3/2012,3.843
8/27/2012,3.776
8/20/2012,3.744
8/13/2012,3.721
8/6/2012,3.645
7/30/2012,3.508
7/23/2012,3.494
7/16/2012,3.427
7/9/2012,3.411
7/2/2012,3.356
6/25/2012,3.437
6/18/2012,3.533
6/11/2012,3.572
6/4/2012,3.613
5/28/2012,3.67
5/21/2012,3.715
5/14/2012,3.754
5/7/2012,3.79
4/30/2012,3.83
4/23/2012,3.87
4/16/2012,3.922
4/9/2012,3.939
4/2/2012,3.941
3/26/2012,3.918
3/19/2012,3.867
3/12/2012,3.829
3/5/2012,3.793
2/27/2012,3.721
2/20/2012,3.591
2/13/2012,3.523
2/6/2012,3.482
1/30/2012,3.439
1/23/2012,3.389
1/16/2012,3.391
1/9/2012,3.382
1/2/2012,3.299
12/26/2011,3.258
12/19/2011,3.229
12/12/2011,3.286
12/5/2011,3.29
11/28/2011,3.307
11/21/2011,3.368
11/14/2011,3.436
11/7/2011,3.424
10/31/2011,3.452
10/24/2011,3.462
10/17/2011,3.476
10/10/2011,3.417
10/3/2011,3.433
9/26/2011,3.509
9/19/2011,3.601
9/12/2011,3.661
9/5/2011,3.674
8/29/2011,3.627
8/22/2011,3.581
8/15/2011,3.604
8/8/2011,3.674
8/1/2011,3.711
7/25/2011,3.699
7/18/2011,3.682
7/11/2011,3.641
7/4/2011,3.579
6/27/2011,3.574
6/20/2011,3.652
6/13/2011,3.713
6/6/2011,3.781
5/30/2011,3.794
5/23/2011,3.849
5/16/2011,3.96
5/9/2011,3.965
5/2/2011,3.963
4/25/2011,3.879
4/18/2011,3.844
4/11/2011,3.791
4/4/2011,3.684
3/28/2011,3.596
3/21/2011,3.562
3/14/2011,3.567
3/7/2011,3.52
2/28/2011,3.383
2/21/2011,3.189
2/14/2011,3.14
2/7/2011,3.132
1/31/2011,3.101
1/24/2011,3.11
1/17/2011,3.104
1/10/2011,3.089
1/3/2011,3.07
12/27/2010,3.052
12/20/2010,2.982
12/13/2010,2.98
12/6/2010,2.958
11/29/2010,2.856
11/22/2010,2.876
11/15/2010,2.892
11/8/2010,2.865
11/1/2010,2.806
10/25/2010,2.817
10/18/2010,2.834
10/11/2010,2.819
10/4/2010,2.732
9/27/2010,2.694
9/20/2010,2.723
9/13/2010,2.721
9/6/2010,2.682
8/30/2010,2.682
8/23/2010,2.704
8/16/2010,2.745
8/9/2010,2.783
8/2/2010,2.735
7/26/2010,2.749
7/19/2010,2.722
7/12/2010,2.718
7/5/2010,2.726
6/28/2010,2.757
6/21/2010,2.743
6/14/2010,2.701
6/7/2010,2.725
5/31/2010,2.728
5/24/2010,2.786
5/17/2010,2.864
5/10/2010,2.905
5/3/2010,2.898
4/26/2010,2.849
4/19/2010,2.86
4/12/2010,2.858
4/5/2010,2.826
3/29/2010,2.798
3/22/2010,2.819
3/15/2010,2.788
3/8/2010,2.751
3/1/2010,2.702
2/22/2010,2.655
2/15/2010,2.608
2/8/2010,2.652
2/1/2010,2.661
1/25/2010,2.705
1/18/2010,2.739
1/11/2010,2.751
1/4/2010,2.665
12/28/2009,2.607
12/21/2009,2.589
12/14/2009,2.599
12/7/2009,2.634
11/30/2009,2.629
11/23/2009,2.639
11/16/2009,2.629
11/9/2009,2.666
11/2/2009,2.694
10/26/2009,2.674
10/19/2009,2.574
10/12/2009,2.489
10/5/2009,2.468
9/28/2009,2.499
9/21/2009,2.552
9/14/2009,2.577
9/7/2009,2.588
8/31/2009,2.613
8/24/2009,2.628
8/17/2009,2.637
8/10/2009,2.647
8/3/2009,2.557
7/27/2009,2.503
7/20/2009,2.463
7/13/2009,2.528
7/6/2009,2.612
6/29/2009,2.642
6/22/2009,2.691
6/15/2009,2.672
6/8/2009,2.624
6/1/2009,2.524
5/25/2009,2.435
5/18/2009,2.309
5/11/2009,2.24
5/4/2009,2.078
4/27/2009,2.049
4/20/2009,2.059
4/13/2009,2.051
4/6/2009,2.037
3/30/2009,2.046
3/23/2009,1.962
3/16/2009,1.91
3/9/2009,1.941
3/2/2009,1.934
2/23/2009,1.909
2/16/2009,1.964
2/9/2009,1.926
2/2/2009,1.892
1/26/2009,1.838
1/19/2009,1.847
1/12/2009,1.784
1/5/2009,1.684
12/29/2008,1.613
12/22/2008,1.653
12/15/2008,1.659
12/8/2008,1.699
12/1/2008,1.811
11/24/2008,1.892
11/17/2008,2.072
11/10/2008,2.224
11/3/2008,2.4
10/27/2008,2.656
10/20/2008,2.914
10/13/2008,3.151
10/6/2008,3.484
9/29/2008,3.632
9/22/2008,3.718
9/15/2008,3.835
9/8/2008,3.648
9/1/2008,3.68
8/25/2008,3.685
8/18/2008,3.74
8/11/2008,3.809
8/4/2008,3.88
7/28/2008,3.955
7/21/2008,4.064
7/14/2008,4.113
7/7/2008,4.114
6/30/2008,4.095
6/23/2008,4.079
6/16/2008,4.082
6/9/2008,4.039
6/2/2008,3.976
5/26/2008,3.937
5/19/2008,3.791
5/12/2008,3.722
5/5/2008,3.613
4/28/2008,3.603
4/21/2008,3.508
4/14/2008,3.389
4/7/2008,3.332
3/31/2008,3.29
3/24/2008,3.259
3/17/2008,3.284
3/10/2008,3.225
3/3/2008,3.162
2/25/2008,3.13
2/18/2008,3.042
2/11/2008,2.96
2/4/2008,2.978
1/28/2008,2.977
1/21/2008,3.017
1/14/2008,3.068
1/7/2008,3.109
12/31/2007,3.053
12/24/2007,2.98
12/17/2007,2.998
12/10/2007,3
12/3/2007,3.061
11/26/2007,3.097
11/19/2007,3.099
11/12/2007,3.111
11/5/2007,3.013
10/29/2007,2.872
10/22/2007,2.823
10/15/2007,2.762
10/8/2007,2.77
10/1/2007,2.788
9/24/2007,2.812
9/17/2007,2.787
9/10/2007,2.818
9/3/2007,2.796
8/27/2007,2.749
8/20/2007,2.785
8/13/2007,2.771
8/6/2007,2.838
7/30/2007,2.876
7/23/2007,2.958
7/16/2007,3.049
7/9/2007,2.981
7/2/2007,2.959
6/25/2007,2.982
6/18/2007,3.009
6/11/2007,3.076
6/4/2007,3.157
5/28/2007,3.209
5/21/2007,3.218
5/14/2007,3.103
5/7/2007,3.054
4/30/2007,2.971
4/23/2007,2.869
4/16/2007,2.876
4/9/2007,2.802
4/2/2007,2.707
3/26/2007,2.61
3/19/2007,2.577
3/12/2007,2.559
3/5/2007,2.505
2/26/2007,2.383
2/19/2007,2.296
2/12/2007,2.241
2/5/2007,2.191
1/29/2007,2.165
1/22/2007,2.165
1/15/2007,2.229
1/8/2007,2.306
1/1/2007,2.334
12/25/2006,2.341
12/18/2006,2.32
12/11/2006,2.293
12/4/2006,2.297
11/27/2006,2.246
11/20/2006,2.239
11/13/2006,2.232
11/6/2006,2.2
10/30/2006,2.218
10/23/2006,2.208
10/16/2006,2.226
10/9/2006,2.261
10/2/2006,2.31
9/25/2006,2.378
9/18/2006,2.497
9/11/2006,2.618
9/4/2006,2.727
8/28/2006,2.845
8/21/2006,2.924
8/14/2006,3
8/7/2006,3.038
7/31/2006,3.004
7/24/2006,3.003
7/17/2006,2.989
7/10/2006,2.973
7/3/2006,2.934
6/26/2006,2.869
6/19/2006,2.871
6/12/2006,2.906
6/5/2006,2.892
5/29/2006,2.867
5/22/2006,2.892
5/15/2006,2.947
5/8/2006,2.909
5/1/2006,2.919
4/24/2006,2.914
4/17/2006,2.783
4/10/2006,2.683
4/3/2006,2.588
3/27/2006,2.498
3/20/2006,2.504
3/13/2006,2.366
3/6/2006,2.331
2/27/2006,2.254
2/20/2006,2.24
2/13/2006,2.284
2/6/2006,2.342
1/30/2006,2.357
1/23/2006,2.336
1/16/2006,2.32
1/9/2006,2.327
1/2/2006,2.238
12/26/2005,2.197
12/19/2005,2.211
12/12/2005,2.185
12/5/2005,2.147
11/28/2005,2.154
11/21/2005,2.201
11/14/2005,2.296
11/7/2005,2.376
10/31/2005,2.48
10/24/2005,2.603
10/17/2005,2.725
10/10/2005,2.848
10/3/2005,2.928
9/26/2005,2.803
9/19/2005,2.786
9/12/2005,2.955
9/5/2005,3.069
8/29/2005,2.61
8/22/2005,2.612
8/15/2005,2.55
8/8/2005,2.368
8/1/2005,2.291
7/25/2005,2.289
7/18/2005,2.317
7/11/2005,2.328
7/4/2005,2.226
6/27/2005,2.215
6/20/2005,2.161
6/13/2005,2.13
6/6/2005,2.116
5/30/2005,2.097
5/23/2005,2.125
5/16/2005,2.163
5/9/2005,2.186
5/2/2005,2.235
4/25/2005,2.236
4/18/2005,2.237
4/11/2005,2.28
4/4/2005,2.217
3/28/2005,2.153
3/21/2005,2.109
3/14/2005,2.056
3/7/2005,1.999
2/28/2005,1.928
2/21/2005,1.905
2/14/2005,1.898
2/7/2005,1.909
1/31/2005,1.911
1/24/2005,1.853
1/17/2005,1.819
1/10/2005,1.793
1/3/2005,1.778
12/27/2004,1.791
12/20/2004,1.815
12/13/2004,1.847
12/6/2004,1.911
11/29/2004,1.945
11/22/2004,1.948
11/15/2004,1.969
11/8/2004,2.001
11/1/2004,2.034
10/25/2004,2.032
10/18/2004,2.035
10/11/2004,1.993
10/4/2004,1.938
9/27/2004,1.917
9/20/2004,1.866
9/13/2004,1.846
9/6/2004,1.85
8/30/2004,1.866
8/23/2004,1.884
8/16/2004,1.875
8/9/2004,1.877
8/2/2004,1.888
7/26/2004,1.905
7/19/2004,1.928
7/12/2004,1.917
7/5/2004,1.895
6/28/2004,1.921
6/21/2004,1.937
6/14/2004,1.985
6/7/2004,2.034
5/31/2004,2.051
5/24/2004,2.064
5/17/2004,2.017
5/10/2004,1.941
5/3/2004,1.844
4/26/2004,1.812
4/19/2004,1.813
4/12/2004,1.786
4/5/2004,1.78
3/29/2004,1.758
3/22/2004,1.743
3/15/2004,1.724
3/8/2004,1.738
3/1/2004,1.717
2/23/2004,1.688
2/16/2004,1.648
2/9/2004,1.638
2/2/2004,1.616
1/26/2004,1.622
1/19/2004,1.595
1/12/2004,1.56
1/5/2004,1.51
12/29/2003,1.478
12/22/2003,1.485
12/15/2003,1.465
12/8/2003,1.476
12/1/2003,1.49
11/24/2003,1.512
11/17/2003,1.497
11/10/2003,1.504
11/3/2003,1.535
10/27/2003,1.542
10/20/2003,1.571
10/13/2003,1.568
10/6/2003,1.573
9/29/2003,1.591
9/22/2003,1.643
9/15/2003,1.697
9/8/2003,1.717
9/1/2003,1.746
8/25/2003,1.747
8/18/2003,1.627
8/11/2003,1.571
8/4/2003,1.536
7/28/2003,1.516
7/21/2003,1.524
7/14/2003,1.521
7/7/2003,1.489
6/30/2003,1.487
6/23/2003,1.496
6/16/2003,1.518
6/9/2003,1.49
6/2/2003,1.473
5/26/2003,1.487
5/19/2003,1.498
5/12/2003,1.491
5/5/2003,1.513
4/28/2003,1.557
4/21/2003,1.574
4/14/2003,1.595
4/7/2003,1.63
3/31/2003,1.649
3/24/2003,1.69
3/17/2003,1.728
3/10/2003,1.712
3/3/2003,1.686
2/24/2003,1.658
2/17/2003,1.66
2/10/2003,1.607
2/3/2003,1.527
1/27/2003,1.473
1/20/2003,1.459
1/13/2003,1.454
1/6/2003,1.444
12/30/2002,1.441
12/23/2002,1.401
12/16/2002,1.363
12/9/2002,1.36
12/2/2002,1.364
11/25/2002,1.38
11/18/2002,1.409
11/11/2002,1.439
11/4/2002,1.448
10/28/2002,1.444
10/21/2002,1.458
10/14/2002,1.44
10/7/2002,1.439
9/30/2002,1.413
9/23/2002,1.395
9/16/2002,1.401
9/9/2002,1.395
9/2/2002,1.394
8/26/2002,1.403
8/19/2002,1.392
8/12/2002,1.393
8/5/2002,1.395
7/29/2002,1.407
7/22/2002,1.41
7/15/2002,1.394
7/8/2002,1.382
7/1/2002,1.392
6/24/2002,1.384
6/17/2002,1.378
6/10/2002,1.375
6/3/2002,1.392
5/27/2002,1.387
5/20/2002,1.397
5/13/2002,1.388
5/6/2002,1.395
4/29/2002,1.393
4/22/2002,1.404
4/15/2002,1.404
4/8/2002,1.413
4/1/2002,1.371
3/25/2002,1.342
3/18/2002,1.288
3/11/2002,1.223
3/4/2002,1.144
2/25/2002,1.116
2/18/2002,1.116
2/11/2002,1.107
2/4/2002,1.116
1/28/2002,1.101
1/21/2002,1.105
1/14/2002,1.111
1/7/2002,1.112
12/31/2001,1.096
12/24/2001,1.072
12/17/2001,1.059
12/10/2001,1.095
12/3/2001,1.108
11/26/2001,1.127
11/19/2001,1.167
11/12/2001,1.182
11/5/2001,1.206
10/29/2001,1.235
10/22/2001,1.265
10/15/2001,1.309
10/8/2001,1.352
10/1/2001,1.416
9/24/2001,1.485
9/17/2001,1.529
9/10/2001,1.527
9/3/2001,1.545
8/27/2001,1.488
8/20/2001,1.427
8/13/2001,1.392
8/6/2001,1.376
7/30/2001,1.384
7/23/2001,1.395
7/16/2001,1.413
7/9/2001,1.437
7/2/2001,1.474
6/25/2001,1.538
6/18/2001,1.601
6/11/2001,1.647
6/4/2001,1.679
5/28/2001,1.704
5/21/2001,1.687
5/14/2001,1.713
5/7/2001,1.703
4/30/2001,1.626
4/23/2001,1.619
4/16/2001,1.571
4/9/2001,1.5
4/2/2001,1.442
3/26/2001,1.404
3/19/2001,1.404
3/12/2001,1.412
3/5/2001,1.417
2/26/2001,1.431
2/19/2001,1.449
2/12/2001,1.476
2/5/2001,1.443
1/29/2001,1.46
1/22/2001,1.471
1/15/2001,1.474
1/8/2001,1.425
1/1/2001,1.406
12/25/2000,1.414
12/18/2000,1.422
12/11/2000,1.449
12/4/2000,1.486
11/27/2000,1.51
11/20/2000,1.51
11/13/2000,1.523
11/6/2000,1.526
10/30/2000,1.545
10/23/2000,1.551
10/16/2000,1.539
10/9/2000,1.502
10/2/2000,1.524
9/25/2000,1.548
9/18/2000,1.562
9/11/2000,1.561
9/4/2000,1.53
8/28/2000,1.481
8/21/2000,1.468
8/14/2000,1.447
8/7/2000,1.462
7/31/2000,1.471
7/24/2000,1.52
7/17/2000,1.546
7/10/2000,1.593
7/3/2000,1.625
6/26/2000,1.658
6/19/2000,1.681
6/12/2000,1.631
6/5/2000,1.563
5/29/2000,1.54
5/22/2000,1.527
5/15/2000,1.492
5/8/2000,1.455
5/1/2000,1.42
4/24/2000,1.437
4/17/2000,1.444
4/10/2000,1.475
4/3/2000,1.503
3/27/2000,1.508
3/20/2000,1.529
3/13/2000,1.527
3/6/2000,1.501
2/28/2000,1.421
2/21/2000,1.406
2/14/2000,1.356
2/7/2000,1.325
1/31/2000,1.316
1/24/2000,1.315
1/17/2000,1.277
1/10/2000,1.264
1/3/2000,1.272
12/27/1999,1.273
12/20/1999,1.269
12/13/1999,1.275
12/6/1999,1.273
11/29/1999,1.274
11/22/1999,1.269
11/15/1999,1.251
11/8/1999,1.233
11/1/1999,1.23
10/25/1999,1.237
10/18/1999,1.236
10/11/1999,1.249
10/4/1999,1.255
9/27/1999,1.262
9/20/1999,1.268
9/13/1999,1.25
9/6/1999,1.242
8/30/1999,1.233
8/23/1999,1.234
8/16/1999,1.236
8/9/1999,1.206
8/2/1999,1.195
7/26/1999,1.193
7/19/1999,1.169
7/12/1999,1.143
7/5/1999,1.125
6/28/1999,1.113
6/21/1999,1.124
6/14/1999,1.108
6/7/1999,1.112
5/31/1999,1.111
5/24/1999,1.126
5/17/1999,1.14
5/10/1999,1.14
5/3/1999,1.136
4/26/1999,1.131
4/19/1999,1.135
4/12/1999,1.14
4/5/1999,1.118
3/29/1999,1.082
3/22/1999,1.017
3/15/1999,0.977
3/8/1999,0.921
3/1/1999,0.913
2/22/1999,0.907
2/15/1999,0.919
2/8/1999,0.927
2/1/1999,0.929
1/25/1999,0.936
1/18/1999,0.944
1/11/1999,0.941
1/4/1999,0.935
12/28/1998,0.937
12/21/1998,0.944
12/14/1998,0.945
12/7/1998,0.954
11/30/1998,0.974
11/23/1998,0.989
11/16/1998,0.996
11/9/1998,1.008
11/2/1998,1.01
10/26/1998,1.015
10/19/1998,1.019
10/12/1998,1.022
10/5/1998,1.019
9/28/1998,1.014
9/21/1998,1.014
9/14/1998,1.002
9/7/1998,1.007
8/31/1998,1.013
8/24/1998,1.019
8/17/1998,1.026
8/10/1998,1.033
8/3/1998,1.039
7/27/1998,1.05
7/20/1998,1.059
7/13/1998,1.054
7/6/1998,1.058
6/29/1998,1.057
6/22/1998,1.058
6/15/1998,1.066
6/8/1998,1.075
6/1/1998,1.066
5/25/1998,1.07
5/18/1998,1.072
5/11/1998,1.063
5/4/1998,1.049
4/27/1998,1.04
4/20/1998,1.028
4/13/1998,1.025
4/6/1998,1.028
3/30/1998,1.03
3/23/1998,1
3/16/1998,1.008
3/9/1998,1.018
3/2/1998,1.028
2/23/1998,1.044
2/16/1998,1.038
2/9/1998,1.053
2/2/1998,1.061
1/26/1998,1.066
1/19/1998,1.083
1/12/1998,1.094
1/5/1998,1.102
12/29/1997,1.112
12/22/1997,1.121
12/15/1997,1.131
12/8/1997,1.141
12/1/1997,1.152
11/24/1997,1.162
11/17/1997,1.168
11/10/1997,1.177
11/3/1997,1.176
10/27/1997,1.182
10/20/1997,1.193
10/13/1997,1.203
10/6/1997,1.209
9/29/1997,1.21
9/22/1997,1.225
9/15/1997,1.236
9/8/1997,1.243
9/1/1997,1.243
8/25/1997,1.244
8/18/1997,1.229
8/11/1997,1.228
8/4/1997,1.193
7/28/1997,1.17
7/21/1997,1.177
7/14/1997,1.173
7/7/1997,1.177
6/30/1997,1.181
6/23/1997,1.187
6/16/1997,1.198
6/9/1997,1.207
6/2/1997,1.215
5/26/1997,1.212
5/19/1997,1.203
5/12/1997,1.193
5/5/1997,1.193
4/28/1997,1.195
4/21/1997,1.199
4/14/1997,1.199
4/7/1997,1.203
3/31/1997,1.2
3/24/1997,1.204
3/17/1997,1.2
3/10/1997,1.206
3/3/1997,1.215
2/24/1997,1.223
2/17/1997,1.227
2/10/1997,1.234
2/3/1997,1.236
1/27/1997,1.238
1/20/1997,1.241
1/13/1997,1.241
1/6/1997,1.225
12/30/1996,1.227
12/23/1996,1.231
12/16/1996,1.236
12/9/1996,1.241
12/2/1996,1.241
11/25/1996,1.244
11/18/1996,1.236
11/11/1996,1.226
11/4/1996,1.223
10/28/1996,1.215
10/21/1996,1.204
10/14/1996,1.203
10/7/1996,1.194
9/30/1996,1.2
9/23/1996,1.206
9/16/1996,1.206
9/9/1996,1.203
9/2/1996,1.197
8/26/1996,1.209
8/19/1996,1.205
8/12/1996,1.203
8/5/1996,1.207
7/29/1996,1.218
7/22/1996,1.227
7/15/1996,1.228
7/8/1996,1.231
7/1/1996,1.234
6/24/1996,1.245
6/17/1996,1.258
6/10/1996,1.262
6/3/1996,1.269
5/27/1996,1.275
5/20/1996,1.285
5/13/1996,1.277
5/6/1996,1.275
4/29/1996,1.273
4/22/1996,1.256
4/15/1996,1.242
4/8/1996,1.204
4/1/1996,1.178
3/25/1996,1.164
3/18/1996,1.135
3/11/1996,1.125
3/4/1996,1.124
2/26/1996,1.107
2/19/1996,1.087
2/12/1996,1.08
2/5/1996,1.083
1/29/1996,1.087
1/22/1996,1.091
1/15/1996,1.098
1/8/1996,1.093
1/1/1996,1.083
12/25/1995,1.082
12/18/1995,1.078
12/11/1995,1.063
12/4/1995,1.062
11/27/1995,1.061
11/20/1995,1.06
11/13/1995,1.063
11/6/1995,1.065
10/30/1995,1.068
10/23/1995,1.079
10/16/1995,1.087
10/9/1995,1.097
10/2/1995,1.105
9/25/1995,1.109
9/18/1995,1.11
9/11/1995,1.111
9/4/1995,1.113
8/28/1995,1.117
8/21/1995,1.124
8/14/1995,1.125
8/7/1995,1.127
7/31/1995,1.132
7/24/1995,1.144
7/17/1995,1.153
7/10/1995,1.165
7/3/1995,1.175
6/26/1995,1.182
6/19/1995,1.189
6/12/1995,1.196
6/5/1995,1.199
5/29/1995,1.199
5/22/1995,1.197
5/15/1995,1.179
5/8/1995,1.169
5/1/1995,1.148
4/24/1995,1.138
4/17/1995,1.117
4/10/1995,1.103
4/3/1995,1.087
3/27/1995,1.075
3/20/1995,1.068
3/13/1995,1.069
3/6/1995,1.076
2/27/1995,1.073
2/20/1995,1.067
2/13/1995,1.074
2/6/1995,1.076
1/30/1995,1.083
1/23/1995,1.083
1/16/1995,1.078
1/9/1995,1.086
1/2/1995,1.079
12/26/1994,1.077
12/19/1994,1.087
12/12/1994,1.095
12/5/1994,1.103
11/28/1994,1.105
11/21/1994,1.113
11/14/1994,1.122
11/7/1994,1.123
10/31/1994,1.121
10/24/1994,1.107
10/17/1994,1.106
10/10/1994,1.114
10/3/1994,1.12
9/26/1994,1.129
9/19/1994,1.14
9/12/1994,1.15
9/5/1994,1.156
8/29/1994,1.161
8/22/1994,1.165
8/15/1994,1.161
8/8/1994,1.157
8/1/1994,1.13
7/25/1994,1.114
7/18/1994,1.109
7/11/1994,1.103
7/4/1994,1.097
6/27/1994,1.095
6/20/1994,1.079
6/13/1994,1.073
6/6/1994,1.065
5/30/1994,1.056
5/23/1994,1.05
5/16/1994,1.046
5/9/1994,1.045
5/2/1994,1.04
4/25/1994,1.037
4/18/1994,1.033
4/11/1994,1.028
4/4/1994,1.011
3/28/1994,1.012
3/21/1994,1.007
3/14/1994,1.005
3/7/1994,1.007
2/28/1994,1.004
2/21/1994,1.009
2/14/1994,1.016
2/7/1994,1.007
1/31/1994,1.005
1/24/1994,0.999
1/17/1994,1.001
1/10/1994,0.995
1/3/1994,0.992
12/27/1993,0.999
12/20/1993,1.003
12/13/1993,1.018
12/6/1993,1.036
11/29/1993,1.051
11/22/1993,1.058
11/15/1993,1.064
11/8/1993,1.075
11/1/1993,1.084
10/25/1993,1.092
10/18/1993,1.093
10/11/1993,1.09
10/4/1993,1.092
9/27/1993,1.047
9/20/1993,1.045
9/13/1993,1.051
9/6/1993,1.055
8/30/1993,1.062
8/23/1993,1.065
8/16/1993,1.059
8/9/1993,1.06
8/2/1993,1.062
7/26/1993,1.069
7/19/1993,1.075
7/12/1993,1.081
7/5/1993,1.086
6/28/1993,1.089
6/21/1993,1.095
6/14/1993,1.101
6/7/1993,1.104
5/31/1993,1.107
5/24/1993,1.106
5/17/1993,1.106
5/10/1993,1.097
5/3/1993,1.086
4/26/1993,1.086
4/19/1993,1.079
4/12/1993,1.079
4/5/1993,1.068
3/29/1993,1.057
3/22/1993,1.056
3/15/1993,1.058
3/8/1993,1.048
3/1/1993,1.042
2/22/1993,1.047
2/15/1993,1.053
2/8/1993,1.062
2/1/1993,1.055
1/25/1993,1.055
1/18/1993,1.061
1/11/1993,1.066
1/4/1993,1.065
12/28/1992,1.069
12/21/1992,1.074
12/14/1992,1.078
12/7/1992,1.089
11/30/1992,1.098
11/23/1992,1.106
11/16/1992,1.112
11/9/1992,1.12
11/2/1992,1.12
10/26/1992,1.113
10/19/1992,1.113
10/12/1992,1.115
10/5/1992,1.115
9/28/1992,1.118
9/21/1992,1.123
9/14/1992,1.124
9/7/1992,1.121
8/31/1992,1.121
8/24/1992,1.123
8/17/1992,1.116
8/10/1992,1.123
8/3/1992,1.126
7/27/1992,1.128
7/20/1992,1.132
7/13/1992,1.139
7/6/1992,1.147
6/29/1992,1.149
6/22/1992,1.153
6/15/1992,1.151
6/8/1992,1.143
6/1/1992,1.128
5/25/1992,1.12
5/18/1992,1.118
5/11/1992,1.102
5/4/1992,1.089
4/27/1992,1.072
4/20/1992,1.058
4/13/1992,1.051
4/6/1992,1.026
3/30/1992,1.013
3/23/1992,1.015
3/16/1992,1.01
3/9/1992,1.013
3/2/1992,1.012
2/24/1992,1.014
2/17/1992,1.011
2/10/1992,1.004
2/3/1992,0.995
1/27/1992,1.006
1/20/1992,1.014
1/13/1992,1.026
1/6/1992,1.042
12/30/1991,1.053
12/23/1991,1.063
12/16/1991,1.075
12/9/1991,1.091
12/2/1991,1.099
11/25/1991,1.099
11/18/1991,1.104
11/11/1991,1.102
11/4/1991,1.091
10/28/1991,1.091
10/21/1991,1.088
10/14/1991,1.084
10/7/1991,1.089
9/30/1991,1.092
9/23/1991,1.097
9/16/1991,1.11
9/9/1991,1.12
9/2/1991,1.127
8/26/1991,1.124
8/19/1991,1.124
8/12/1991,1.112
8/5/1991,1.099
7/29/1991,1.091
7/22/1991,1.091
7/15/1991,1.094
7/8/1991,1.098
7/1/1991,1.104
6/24/1991,1.114
6/17/1991,1.126
6/10/1991,1.135
6/3/1991,1.138
5/27/1991,1.14
5/20/1991,1.129
5/13/1991,1.121
5/6/1991,1.113
4/29/1991,1.104
4/22/1991,1.09
4/15/1991,1.069
4/8/1991,1.066
4/1/1991,1.052
3/25/1991,1.047
3/18/1991,1.043
3/11/1991,1.045
3/4/1991,1.025
2/25/1991,1.054
2/18/1991,1.078
2/11/1991,1.106
2/4/1991,1.139
1/28/1991,1.168
1/21/1991,1.192
1/14/1991,
1/7/1991,
12/31/1990,
12/24/1990,
12/17/1990,
12/10/1990,
12/3/1990,1.341
11/26/1990,1.311
11/19/1990,1.323
11/12/1990,1.328
11/5/1990,1.334
10/29/1990,1.339
10/22/1990,1.345
10/15/1990,1.339
10/8/1990,1.333
10/1/1990,1.321
9/24/1990,1.272
9/17/1990,1.266
9/10/1990,1.252
9/3/1990,1.242
8/27/1990,1.245
8/20/1990,1.191
